LocalTime, GPSTime, ESSID, BSSID, Power, Security, Latitude, Longitude, Latitude Error, Longitude Error, Type
2025-03-18 09:14:38,1900-01-00 00:00:00,,40:AE:30:6A:AA:02,-29, ,0.000000,0.000000,0.000,0.000,AP
2025-03-18 09:14:38,1900-01-00 00:00:00,CYB_Rogue,40:AE:30:6A:AA:02,-26, WPA2 ,0.000000,0.000000,0.000,0.000,AP
2025-03-18 09:14:38,1900-01-00 00:00:00,CYB_Rogue,40:AE:30:6A:AA:02,-29, WPA2 ,0.000000,0.000000,0.000,0.000,AP
2025-03-18 09:14:41,1900-01-00 00:00:00,CYB_Rogue,40:AE:30:6A:AA:02,-28, WPA2 ,0.000000,0.000000,0.000,0.000,AP
2025-03-18 09:14:41,1900-01-00 00:00:00,CYB_Rogue,40:AE:30:6A:AA:02,-28, WPA2 ,0.000000,0.000000,0.000,0.000,AP
2025-03-18 09:14:41,1900-01-00 00:00:00,CYB_Rogue,40:AE:30:6A:AA:02,-28, WPA2 ,0.000000,0.000000,0.000,0.000,AP
2025-03-18 09:14:41,1900-01-00 00:00:00,CYB_Rogue,40:AE:30:6A:AA:02,-28, WPA2 ,0.000000,0.000000,0.000,0.000,AP
2025-03-18 09:14:41,1900-01-00 00:00:00,CYB_Rogue,40:AE:30:6A:AA:02,-28, WPA2 ,0.000000,0.000000,0.000,0.000,AP
2025-03-18 09:14:41,1900-01-00 00:00:00,CYB_Rogue,40:AE:30:6A:AA:02,-28, WPA2 ,0.000000,0.000000,0.000,0.000,AP
2025-03-18 09:14:41,1900-01-00 00:00:00,CYB_Rogue,40:AE:30:6A:AA:02,-28, WPA2 ,0.000000,0.000000,0.000,0.000,AP
2025-03-18 09:14:41,1900-01-00 00:00:00,CYB_Rogue,40:AE:30:6A:AA:02,-31, WPA2 ,0.000000,0.000000,0.000,0.000,AP
2025-03-18 09:14:41,1900-01-00 00:00:00,CYB_Rogue,40:AE:30:6A:AA:02,-29, WPA2 ,0.000000,0.000000,0.000,0.000,AP
2025-03-18 09:14:41,1900-01-00 00:00:00,CYB_Rogue,40:AE:30:6A:AA:02,-26, WPA2 ,0.000000,0.000000,0.000,0.000,AP
2025-03-18 09:14:42,1900-01-00 00:00:00,CYB_Rogue,40:AE:30:6A:AA:02,-28, WPA2 ,0.000000,0.000000,0.000,0.000,AP
2025-03-18 09:14:42,1900-01-00 00:00:00,CYB_Rogue,40:AE:30:6A:AA:02,-24, WPA2 ,0.000000,0.000000,0.000,0.000,AP
2025-03-18 09:14:43,1900-01-00 00:00:00,CYB_Rogue,40:AE:30:6A:AA:02,-26, WPA2 ,0.000000,0.000000,0.000,0.000,AP
2025-03-18 09:14:43,1900-01-00 00:00:00,CYB_Rogue,40:AE:30:6A:AA:02,-28, WPA2 ,0.000000,0.000000,0.000,0.000,AP
2025-03-18 09:14:43,1900-01-00 00:00:00,CYB_Rogue,40:AE:30:6A:AA:02,-28, WPA2 ,0.000000,0.000000,0.000,0.000,AP
2025-03-18 09:14:45,1900-01-00 00:00:00,CYB_Rogue,40:AE:30:6A:AA:02,-26, WPA2 ,0.000000,0.000000,0.000,0.000,AP
2025-03-18 09:14:46,1900-01-00 00:00:00,CYB_Rogue,40:AE:30:6A:AA:02,-30, WPA2 ,0.000000,0.000000,0.000,0.000,AP
2025-03-18 09:14:46,1900-01-00 00:00:00,CYB_Rogue,40:AE:30:6A:AA:02,-30, WPA2 ,0.000000,0.000000,0.000,0.000,AP
2025-03-18 09:14:47,1900-01-00 00:00:00,CYB_Rogue,40:AE:30:6A:AA:02,-24, WPA2 ,0.000000,0.000000,0.000,0.000,AP
2025-03-18 09:14:47,1900-01-00 00:00:00,CYB_Rogue,40:AE:30:6A:AA:02,-26, WPA2 ,0.000000,0.000000,0.000,0.000,AP
2025-03-18 09:14:48,1900-01-00 00:00:00,CYB_Rogue,40:AE:30:6A:AA:02,-26, WPA2 ,0.000000,0.000000,0.000,0.000,AP
2025-03-18 09:14:49,1900-01-00 00:00:00,CYB_Rogue,40:AE:30:6A:AA:02,-24, WPA2 ,0.000000,0.000000,0.000,0.000,AP
2025-03-18 09:14:49,1900-01-00 00:00:00,CYB_Rogue,40:AE:30:6A:AA:02,-28, WPA2 ,0.000000,0.000000,0.000,0.000,AP
2025-03-18 09:14:50,1900-01-00 00:00:00,CYB_Rogue,40:AE:30:6A:AA:02,-26, WPA2 ,0.000000,0.000000,0.000,0.000,AP
2025-03-18 09:14:50,1900-01-00 00:00:00,CYB_Rogue,40:AE:30:6A:AA:02,-26, WPA2 ,0.000000,0.000000,0.000,0.000,AP
2025-03-18 09:14:50,1900-01-00 00:00:00,CYB_Rogue,40:AE:30:6A:AA:02,-24, WPA2 ,0.000000,0.000000,0.000,0.000,AP
2025-03-18 09:14:50,1900-01-00 00:00:00,CYB_Rogue,40:AE:30:6A:AA:02,-28, WPA2 ,0.000000,0.000000,0.000,0.000,AP
2025-03-18 09:14:50,1900-01-00 00:00:00,CYB_Rogue,40:AE:30:6A:AA:02,-30, WPA2 ,0.000000,0.000000,0.000,0.000,AP
2025-03-18 09:14:50,1900-01-00 00:00:00,CYB_Rogue,40:AE:30:6A:AA:02,-32, WPA2 ,0.000000,0.000000,0.000,0.000,AP
2025-03-18 09:14:50,1900-01-00 00:00:00,CYB_Rogue,40:AE:30:6A:AA:02,-79, WPA2 ,0.000000,0.000000,0.000,0.000,AP
2025-03-18 09:14:51,1900-01-00 00:00:00,CYB_Rogue,40:AE:30:6A:AA:02,-26, WPA2 ,0.000000,0.000000,0.000,0.000,AP
2025-03-18 09:14:54,1900-01-00 00:00:00,CYB_Rogue,40:AE:30:6A:AA:02,-26, WPA2 ,0.000000,0.000000,0.000,0.000,AP
2025-03-18 09:14:54,1900-01-00 00:00:00,CYB_Rogue,40:AE:30:6A:AA:02,-26, WPA2 ,0.000000,0.000000,0.000,0.000,AP
2025-03-18 09:14:54,1900-01-00 00:00:00,CYB_Rogue,40:AE:30:6A:AA:02,-26, WPA2 ,0.000000,0.000000,0.000,0.000,AP
2025-03-18 09:14:54,1900-01-00 00:00:00,CYB_Rogue,40:AE:30:6A:AA:02,-26, WPA2 ,0.000000,0.000000,0.000,0.000,AP
2025-03-18 09:14:54,1900-01-00 00:00:00,CYB_Rogue,40:AE:30:6A:AA:02,-26, WPA2 ,0.000000,0.000000,0.000,0.000,AP
2025-03-18 09:14:54,1900-01-00 00:00:00,CYB_Rogue,40:AE:30:6A:AA:02,-26, WPA2 ,0.000000,0.000000,0.000,0.000,AP
2025-03-18 09:14:55,1900-01-00 00:00:00,CYB_Rogue,40:AE:30:6A:AA:02,-29, WPA2 ,0.000000,0.000000,0.000,0.000,AP
2025-03-18 09:14:56,1900-01-00 00:00:00,CYB_Rogue,40:AE:30:6A:AA:02,-29, WPA2 ,0.000000,0.000000,0.000,0.000,AP
2025-03-18 09:14:56,1900-01-00 00:00:00,CYB_Rogue,40:AE:30:6A:AA:02,-28, WPA2 ,0.000000,0.000000,0.000,0.000,AP
2025-03-18 09:14:57,1900-01-00 00:00:00,CYB_Rogue,40:AE:30:6A:AA:02,-26, WPA2 ,0.000000,0.000000,0.000,0.000,AP
2025-03-18 09:14:57,1900-01-00 00:00:00,CYB_Rogue,40:AE:30:6A:AA:02,-26, WPA2 ,0.000000,0.000000,0.000,0.000,AP
2025-03-18 09:14:57,1900-01-00 00:00:00,CYB_Rogue,40:AE:30:6A:AA:02,-29, WPA2 ,0.000000,0.000000,0.000,0.000,AP
2025-03-18 09:14:57,1900-01-00 00:00:00,CYB_Rogue,40:AE:30:6A:AA:02,-26, WPA2 ,0.000000,0.000000,0.000,0.000,AP
2025-03-18 09:14:57,1900-01-00 00:00:00,CYB_Rogue,40:AE:30:6A:AA:02,-29, WPA2 ,0.000000,0.000000,0.000,0.000,AP
2025-03-18 09:14:58,1900-01-00 00:00:00,CYB_Rogue,40:AE:30:6A:AA:02,-29, WPA2 ,0.000000,0.000000,0.000,0.000,AP
2025-03-18 09:14:58,1900-01-00 00:00:00,CYB_Rogue,40:AE:30:6A:AA:02,-28, WPA2 ,0.000000,0.000000,0.000,0.000,AP
2025-03-18 09:14:58,1900-01-00 00:00:00,CYB_Rogue,40:AE:30:6A:AA:02,-26, WPA2 ,0.000000,0.000000,0.000,0.000,AP
2025-03-18 09:14:58,1900-01-00 00:00:00,CYB_Rogue,40:AE:30:6A:AA:02,-26, WPA2 ,0.000000,0.000000,0.000,0.000,AP
2025-03-18 09:14:58,1900-01-00 00:00:00,CYB_Rogue,40:AE:30:6A:AA:02,-26, WPA2 ,0.000000,0.000000,0.000,0.000,AP
2025-03-18 09:14:58,1900-01-00 00:00:00,CYB_Rogue,40:AE:30:6A:AA:02,-28, WPA2 ,0.000000,0.000000,0.000,0.000,AP
2025-03-18 09:14:58,1900-01-00 00:00:00,CYB_Rogue,40:AE:30:6A:AA:02,-28, WPA2 ,0.000000,0.000000,0.000,0.000,AP
2025-03-18 09:14:58,1900-01-00 00:00:00,CYB_Rogue,40:AE:30:6A:AA:02,-29, WPA2 ,0.000000,0.000000,0.000,0.000,AP
2025-03-18 09:14:58,1900-01-00 00:00:00,CYB_Rogue,40:AE:30:6A:AA:02,-45, WPA2 ,0.000000,0.000000,0.000,0.000,AP
2025-03-18 09:14:58,1900-01-00 00:00:00,CYB_Rogue,40:AE:30:6A:AA:02,-45, WPA2 ,0.000000,0.000000,0.000,0.000,AP
2025-03-18 09:14:58,1900-01-00 00:00:00,CYB_Rogue,40:AE:30:6A:AA:02,-29, WPA2 ,0.000000,0.000000,0.000,0.000,AP
2025-03-18 09:15:00,1900-01-00 00:00:00,CYB_Rogue,40:AE:30:6A:AA:02,-26, WPA2 ,0.000000,0.000000,0.000,0.000,AP
2025-03-18 09:15:00,1900-01-00 00:00:00,CYB_Rogue,40:AE:30:6A:AA:02,-26, WPA2 ,0.000000,0.000000,0.000,0.000,AP
2025-03-18 09:15:01,1900-01-00 00:00:00,CYB_Rogue,40:AE:30:6A:AA:02,-26, WPA2 ,0.000000,0.000000,0.000,0.000,AP
2025-03-18 09:15:01,1900-01-00 00:00:00,CYB_Rogue,40:AE:30:6A:AA:02,-29, WPA2 ,0.000000,0.000000,0.000,0.000,AP
2025-03-18 09:15:02,1900-01-00 00:00:00,CYB_Rogue,40:AE:30:6A:AA:02,-26, WPA2 ,0.000000,0.000000,0.000,0.000,AP
2025-03-18 09:15:03,1900-01-00 00:00:00,CYB_Rogue,40:AE:30:6A:AA:02,-28, WPA2 ,0.000000,0.000000,0.000,0.000,AP
2025-03-18 09:15:03,1900-01-00 00:00:00,CYB_Rogue,40:AE:30:6A:AA:02,-24, WPA2 ,0.000000,0.000000,0.000,0.000,AP
2025-03-18 09:15:03,1900-01-00 00:00:00,CYB_Rogue,40:AE:30:6A:AA:02,-26, WPA2 ,0.000000,0.000000,0.000,0.000,AP
2025-03-18 09:15:04,1900-01-00 00:00:00,CYB_Rogue,40:AE:30:6A:AA:02,-29, WPA2 ,0.000000,0.000000,0.000,0.000,AP
2025-03-18 09:15:04,1900-01-00 00:00:00,CYB_Rogue,40:AE:30:6A:AA:02,-26, WPA2 ,0.000000,0.000000,0.000,0.000,AP
2025-03-18 09:15:05,1900-01-00 00:00:00,CYB_Rogue,40:AE:30:6A:AA:02,-26, WPA2 ,0.000000,0.000000,0.000,0.000,AP
2025-03-18 09:15:05,1900-01-00 00:00:00,CYB_Rogue,40:AE:30:6A:AA:02,-29, WPA2 ,0.000000,0.000000,0.000,0.000,AP
2025-03-18 09:15:05,1900-01-00 00:00:00,CYB_Rogue,40:AE:30:6A:AA:02,-28, WPA2 ,0.000000,0.000000,0.000,0.000,AP
2025-03-18 09:15:05,1900-01-00 00:00:00,CYB_Rogue,40:AE:30:6A:AA:02,-37, WPA2 ,0.000000,0.000000,0.000,0.000,AP
2025-03-18 09:15:06,1900-01-00 00:00:00,CYB_Rogue,40:AE:30:6A:AA:02,-37, WPA2 ,0.000000,0.000000,0.000,0.000,AP
2025-03-18 09:15:07,1900-01-00 00:00:00,CYB_Rogue,40:AE:30:6A:AA:02,-29, WPA2 ,0.000000,0.000000,0.000,0.000,AP
2025-03-18 09:15:07,1900-01-00 00:00:00,CYB_Rogue,40:AE:30:6A:AA:02,-26, WPA2 ,0.000000,0.000000,0.000,0.000,AP
2025-03-18 09:15:07,1900-01-00 00:00:00,CYB_Rogue,40:AE:30:6A:AA:02,-28, WPA2 ,0.000000,0.000000,0.000,0.000,AP
2025-03-18 09:15:08,1900-01-00 00:00:00,CYB_Rogue,40:AE:30:6A:AA:02,-29, WPA2 ,0.000000,0.000000,0.000,0.000,AP
2025-03-18 09:15:08,1900-01-00 00:00:00,CYB_Rogue,40:AE:30:6A:AA:02,-89, WPA2 ,0.000000,0.000000,0.000,0.000,AP
2025-03-18 09:15:08,1900-01-00 00:00:00,CYB_Rogue,40:AE:30:6A:AA:02,-26, WPA2 ,0.000000,0.000000,0.000,0.000,AP
2025-03-18 09:15:09,1900-01-00 00:00:00,CYB_Rogue,40:AE:30:6A:AA:02,-29, WPA2 ,0.000000,0.000000,0.000,0.000,AP
2025-03-18 09:15:10,1900-01-00 00:00:00,CYB_Rogue,40:AE:30:6A:AA:02,-26, WPA2 ,0.000000,0.000000,0.000,0.000,AP
2025-03-18 09:15:10,1900-01-00 00:00:00,CYB_Rogue,40:AE:30:6A:AA:02,-26, WPA2 ,0.000000,0.000000,0.000,0.000,AP
2025-03-18 09:15:11,1900-01-00 00:00:00,CYB_Rogue,40:AE:30:6A:AA:02,-29, WPA2 ,0.000000,0.000000,0.000,0.000,AP
2025-03-18 09:15:11,1900-01-00 00:00:00,CYB_Rogue,40:AE:30:6A:AA:02,-69, WPA2 ,0.000000,0.000000,0.000,0.000,AP
2025-03-18 09:15:11,1900-01-00 00:00:00,CYB_Rogue,40:AE:30:6A:AA:02,-28, WPA2 ,0.000000,0.000000,0.000,0.000,AP
2025-03-18 09:15:11,1900-01-00 00:00:00,CYB_Rogue,40:AE:30:6A:AA:02,-28, WPA2 ,0.000000,0.000000,0.000,0.000,AP
2025-03-18 09:15:11,1900-01-00 00:00:00,CYB_Rogue,40:AE:30:6A:AA:02,-22, WPA2 ,0.000000,0.000000,0.000,0.000,AP
2025-03-18 09:15:11,1900-01-00 00:00:00,CYB_Rogue,40:AE:30:6A:AA:02,-28, WPA2 ,0.000000,0.000000,0.000,0.000,AP
2025-03-18 09:15:12,1900-01-00 00:00:00,CYB_Rogue,40:AE:30:6A:AA:02,-26, WPA2 ,0.000000,0.000000,0.000,0.000,AP
2025-03-18 09:15:13,1900-01-00 00:00:00,CYB_Rogue,40:AE:30:6A:AA:02,-29, WPA2 ,0.000000,0.000000,0.000,0.000,AP
2025-03-18 09:15:13,1900-01-00 00:00:00,CYB_Rogue,40:AE:30:6A:AA:02,-26, WPA2 ,0.000000,0.000000,0.000,0.000,AP
2025-03-18 09:15:13,1900-01-00 00:00:00,CYB_Rogue,40:AE:30:6A:AA:02,-26, WPA2 ,0.000000,0.000000,0.000,0.000,AP
2025-03-18 09:15:13,1900-01-00 00:00:00,CYB_Rogue,40:AE:30:6A:AA:02,-26, WPA2 ,0.000000,0.000000,0.000,0.000,AP
2025-03-18 09:15:14,1900-01-00 00:00:00,CYB_Rogue,40:AE:30:6A:AA:02,-28, WPA2 ,0.000000,0.000000,0.000,0.000,AP
2025-03-18 09:15:14,1900-01-00 00:00:00,CYB_Rogue,40:AE:30:6A:AA:02,-29, WPA2 ,0.000000,0.000000,0.000,0.000,AP
2025-03-18 09:15:14,1900-01-00 00:00:00,CYB_Rogue,40:AE:30:6A:AA:02,-37, WPA2 ,0.000000,0.000000,0.000,0.000,AP
2025-03-18 09:15:15,1900-01-00 00:00:00,CYB_Rogue,40:AE:30:6A:AA:02,-31, WPA2 ,0.000000,0.000000,0.000,0.000,AP
2025-03-18 09:15:15,1900-01-00 00:00:00,CYB_Rogue,40:AE:30:6A:AA:02,-31, WPA2 ,0.000000,0.000000,0.000,0.000,AP
2025-03-18 09:15:15,1900-01-00 00:00:00,CYB_Rogue,40:AE:30:6A:AA:02,-33, WPA2 ,0.000000,0.000000,0.000,0.000,AP
2025-03-18 09:15:15,1900-01-00 00:00:00,CYB_Rogue,40:AE:30:6A:AA:02,-59, WPA2 ,0.000000,0.000000,0.000,0.000,AP
2025-03-18 09:15:15,1900-01-00 00:00:00,CYB_Rogue,40:AE:30:6A:AA:02,-29, WPA2 ,0.000000,0.000000,0.000,0.000,AP
2025-03-18 09:15:15,1900-01-00 00:00:00,CYB_Rogue,40:AE:30:6A:AA:02,-29, WPA2 ,0.000000,0.000000,0.000,0.000,AP
2025-03-18 09:15:16,1900-01-00 00:00:00,CYB_Rogue,40:AE:30:6A:AA:02,-30, WPA2 ,0.000000,0.000000,0.000,0.000,AP
2025-03-18 09:15:16,1900-01-00 00:00:00,CYB_Rogue,40:AE:30:6A:AA:02,-28, WPA2 ,0.000000,0.000000,0.000,0.000,AP
2025-03-18 09:15:16,1900-01-00 00:00:00,CYB_Rogue,40:AE:30:6A:AA:02,-61, WPA2 ,0.000000,0.000000,0.000,0.000,AP
2025-03-18 09:15:17,1900-01-00 00:00:00,CYB_Rogue,40:AE:30:6A:AA:02,-32, WPA2 ,0.000000,0.000000,0.000,0.000,AP
2025-03-18 09:15:17,1900-01-00 00:00:00,CYB_Rogue,40:AE:30:6A:AA:02,-26, WPA2 ,0.000000,0.000000,0.000,0.000,AP
2025-03-18 09:15:17,1900-01-00 00:00:00,CYB_Rogue,40:AE:30:6A:AA:02,-26, WPA2 ,0.000000,0.000000,0.000,0.000,AP
2025-03-18 09:15:17,1900-01-00 00:00:00,CYB_Rogue,40:AE:30:6A:AA:02,-26, WPA2 ,0.000000,0.000000,0.000,0.000,AP
2025-03-18 09:15:17,1900-01-00 00:00:00,CYB_Rogue,40:AE:30:6A:AA:02,-26, WPA2 ,0.000000,0.000000,0.000,0.000,AP
2025-03-18 09:15:17,1900-01-00 00:00:00,CYB_Rogue,40:AE:30:6A:AA:02,-26, WPA2 ,0.000000,0.000000,0.000,0.000,AP
2025-03-18 09:15:17,1900-01-00 00:00:00,CYB_Rogue,40:AE:30:6A:AA:02,-26, WPA2 ,0.000000,0.000000,0.000,0.000,AP
2025-03-18 09:15:17,1900-01-00 00:00:00,CYB_Rogue,40:AE:30:6A:AA:02,-29, WPA2 ,0.000000,0.000000,0.000,0.000,AP
2025-03-18 09:15:18,1900-01-00 00:00:00,CYB_Rogue,40:AE:30:6A:AA:02,-28, WPA2 ,0.000000,0.000000,0.000,0.000,AP
2025-03-18 09:15:19,1900-01-00 00:00:00,CYB_Rogue,40:AE:30:6A:AA:02,-29, WPA2 ,0.000000,0.000000,0.000,0.000,AP
2025-03-18 09:15:19,1900-01-00 00:00:00,CYB_Rogue,40:AE:30:6A:AA:02,-89, WPA2 ,0.000000,0.000000,0.000,0.000,AP
2025-03-18 09:15:19,1900-01-00 00:00:00,CYB_Rogue,40:AE:30:6A:AA:02,-29, WPA2 ,0.000000,0.000000,0.000,0.000,AP
2025-03-18 09:15:19,1900-01-00 00:00:00,CYB_Rogue,40:AE:30:6A:AA:02,-29, WPA2 ,0.000000,0.000000,0.000,0.000,AP
2025-03-18 09:15:19,1900-01-00 00:00:00,CYB_Rogue,40:AE:30:6A:AA:02,-29, WPA2 ,0.000000,0.000000,0.000,0.000,AP
2025-03-18 09:15:19,1900-01-00 00:00:00,CYB_Rogue,40:AE:30:6A:AA:02,-29, WPA2 ,0.000000,0.000000,0.000,0.000,AP
2025-03-18 09:15:19,1900-01-00 00:00:00,CYB_Rogue,40:AE:30:6A:AA:02,-30, WPA2 ,0.000000,0.000000,0.000,0.000,AP
2025-03-18 09:15:19,1900-01-00 00:00:00,CYB_Rogue,40:AE:30:6A:AA:02,-26, WPA2 ,0.000000,0.000000,0.000,0.000,AP
2025-03-18 09:15:19,1900-01-00 00:00:00,CYB_Rogue,40:AE:30:6A:AA:02,-26, WPA2 ,0.000000,0.000000,0.000,0.000,AP
2025-03-18 09:15:19,1900-01-00 00:00:00,CYB_Rogue,40:AE:30:6A:AA:02,-26, WPA2 ,0.000000,0.000000,0.000,0.000,AP
2025-03-18 09:15:19,1900-01-00 00:00:00,CYB_Rogue,40:AE:30:6A:AA:02,-26, WPA2 ,0.000000,0.000000,0.000,0.000,AP
2025-03-18 09:15:21,1900-01-00 00:00:00,CYB_Rogue,40:AE:30:6A:AA:02,-30, WPA2 ,0.000000,0.000000,0.000,0.000,AP
2025-03-18 09:15:22,1900-01-00 00:00:00,CYB_Rogue,40:AE:30:6A:AA:02,-28, WPA2 ,0.000000,0.000000,0.000,0.000,AP
2025-03-18 09:15:23,1900-01-00 00:00:00,CYB_Rogue,40:AE:30:6A:AA:02,-28, WPA2 ,0.000000,0.000000,0.000,0.000,AP
2025-03-18 09:15:23,1900-01-00 00:00:00,CYB_Rogue,40:AE:30:6A:AA:02,-28, WPA2 ,0.000000,0.000000,0.000,0.000,AP
2025-03-18 09:15:23,1900-01-00 00:00:00,CYB_Rogue,40:AE:30:6A:AA:02,-29, WPA2 ,0.000000,0.000000,0.000,0.000,AP
2025-03-18 09:15:23,1900-01-00 00:00:00,CYB_Rogue,40:AE:30:6A:AA:02,-29, WPA2 ,0.000000,0.000000,0.000,0.000,AP
2025-03-18 09:15:24,1900-01-00 00:00:00,CYB_Rogue,40:AE:30:6A:AA:02,-26, WPA2 ,0.000000,0.000000,0.000,0.000,AP
2025-03-18 09:15:24,1900-01-00 00:00:00,CYB_Rogue,40:AE:30:6A:AA:02,-31, WPA2 ,0.000000,0.000000,0.000,0.000,AP
2025-03-18 09:15:25,1900-01-00 00:00:00,CYB_Rogue,40:AE:30:6A:AA:02,-28, WPA2 ,0.000000,0.000000,0.000,0.000,AP
2025-03-18 09:15:26,1900-01-00 00:00:00,CYB_Rogue,40:AE:30:6A:AA:02,-29, WPA2 ,0.000000,0.000000,0.000,0.000,AP
2025-03-18 09:15:26,1900-01-00 00:00:00,CYB_Rogue,40:AE:30:6A:AA:02,-31, WPA2 ,0.000000,0.000000,0.000,0.000,AP
2025-03-18 09:15:26,1900-01-00 00:00:00,CYB_Rogue,40:AE:30:6A:AA:02,-33, WPA2 ,0.000000,0.000000,0.000,0.000,AP
2025-03-18 09:15:26,1900-01-00 00:00:00,CYB_Rogue,40:AE:30:6A:AA:02,-29, WPA2 ,0.000000,0.000000,0.000,0.000,AP
2025-03-18 09:15:26,1900-01-00 00:00:00,CYB_Rogue,40:AE:30:6A:AA:02,-26, WPA2 ,0.000000,0.000000,0.000,0.000,AP
2025-03-18 09:15:26,1900-01-00 00:00:00,CYB_Rogue,40:AE:30:6A:AA:02,-26, WPA2 ,0.000000,0.000000,0.000,0.000,AP
2025-03-18 09:15:27,1900-01-00 00:00:00,CYB_Rogue,40:AE:30:6A:AA:02,-29, WPA2 ,0.000000,0.000000,0.000,0.000,AP
2025-03-18 09:15:27,1900-01-00 00:00:00,CYB_Rogue,40:AE:30:6A:AA:02,-73, WPA2 ,0.000000,0.000000,0.000,0.000,AP
2025-03-18 09:15:27,1900-01-00 00:00:00,CYB_Rogue,40:AE:30:6A:AA:02,-29, WPA2 ,0.000000,0.000000,0.000,0.000,AP
2025-03-18 09:15:27,1900-01-00 00:00:00,CYB_Rogue,40:AE:30:6A:AA:02,-29, WPA2 ,0.000000,0.000000,0.000,0.000,AP
2025-03-18 09:15:27,1900-01-00 00:00:00,CYB_Rogue,40:AE:30:6A:AA:02,-26, WPA2 ,0.000000,0.000000,0.000,0.000,AP
2025-03-18 09:15:28,1900-01-00 00:00:00,CYB_Rogue,40:AE:30:6A:AA:02,-26, WPA2 ,0.000000,0.000000,0.000,0.000,AP
2025-03-18 09:15:28,1900-01-00 00:00:00,CYB_Rogue,40:AE:30:6A:AA:02,-28, WPA2 ,0.000000,0.000000,0.000,0.000,AP
2025-03-18 09:15:28,1900-01-00 00:00:00,CYB_Rogue,40:AE:30:6A:AA:02,-26, WPA2 ,0.000000,0.000000,0.000,0.000,AP
2025-03-18 09:15:28,1900-01-00 00:00:00,CYB_Rogue,40:AE:30:6A:AA:02,-29, WPA2 ,0.000000,0.000000,0.000,0.000,AP
2025-03-18 09:15:29,1900-01-00 00:00:00,CYB_Rogue,40:AE:30:6A:AA:02,-26, WPA2 ,0.000000,0.000000,0.000,0.000,AP
2025-03-18 09:15:29,1900-01-00 00:00:00,CYB_Rogue,40:AE:30:6A:AA:02,-29, WPA2 ,0.000000,0.000000,0.000,0.000,AP
2025-03-18 09:15:30,1900-01-00 00:00:00,CYB_Rogue,40:AE:30:6A:AA:02,-29, WPA2 ,0.000000,0.000000,0.000,0.000,AP
2025-03-18 09:15:31,1900-01-00 00:00:00,CYB_Rogue,40:AE:30:6A:AA:02,-28, WPA2 ,0.000000,0.000000,0.000,0.000,AP
2025-03-18 09:15:32,1900-01-00 00:00:00,CYB_Rogue,40:AE:30:6A:AA:02,-73, WPA2 ,0.000000,0.000000,0.000,0.000,AP
2025-03-18 09:15:32,1900-01-00 00:00:00,CYB_Rogue,40:AE:30:6A:AA:02,-28, WPA2 ,0.000000,0.000000,0.000,0.000,AP
2025-03-18 09:15:33,1900-01-00 00:00:00,CYB_Rogue,40:AE:30:6A:AA:02,-28, WPA2 ,0.000000,0.000000,0.000,0.000,AP
2025-03-18 09:15:33,1900-01-00 00:00:00,CYB_Rogue,40:AE:30:6A:AA:02,-31, WPA2 ,0.000000,0.000000,0.000,0.000,AP
2025-03-18 09:15:34,1900-01-00 00:00:00,CYB_Rogue,40:AE:30:6A:AA:02,-28, WPA2 ,0.000000,0.000000,0.000,0.000,AP
2025-03-18 09:15:35,1900-01-00 00:00:00,CYB_Rogue,40:AE:30:6A:AA:02,-28, WPA2 ,0.000000,0.000000,0.000,0.000,AP
2025-03-18 09:15:37,1900-01-00 00:00:00,CYB_Rogue,40:AE:30:6A:AA:02,-28, WPA2 ,0.000000,0.000000,0.000,0.000,AP
2025-03-18 09:15:37,1900-01-00 00:00:00,CYB_Rogue,40:AE:30:6A:AA:02,-39, WPA2 ,0.000000,0.000000,0.000,0.000,AP
2025-03-18 09:15:37,1900-01-00 00:00:00,CYB_Rogue,40:AE:30:6A:AA:02,-28, WPA2 ,0.000000,0.000000,0.000,0.000,AP
2025-03-18 09:15:37,1900-01-00 00:00:00,CYB_Rogue,40:AE:30:6A:AA:02,-29, WPA2 ,0.000000,0.000000,0.000,0.000,AP
2025-03-18 09:15:37,1900-01-00 00:00:00,CYB_Rogue,40:AE:30:6A:AA:02,-30, WPA2 ,0.000000,0.000000,0.000,0.000,AP
2025-03-18 09:15:38,1900-01-00 00:00:00,CYB_Rogue,40:AE:30:6A:AA:02,-28, WPA2 ,0.000000,0.000000,0.000,0.000,AP
2025-03-18 09:15:38,1900-01-00 00:00:00,CYB_Rogue,40:AE:30:6A:AA:02,-75, WPA2 ,0.000000,0.000000,0.000,0.000,AP
2025-03-18 09:15:38,1900-01-00 00:00:00,CYB_Rogue,40:AE:30:6A:AA:02,-29, WPA2 ,0.000000,0.000000,0.000,0.000,AP
2025-03-18 09:15:39,1900-01-00 00:00:00,CYB_Rogue,40:AE:30:6A:AA:02,-28, WPA2 ,0.000000,0.000000,0.000,0.000,AP
2025-03-18 09:15:40,1900-01-00 00:00:00,CYB_Rogue,40:AE:30:6A:AA:02,-28, WPA2 ,0.000000,0.000000,0.000,0.000,AP
2025-03-18 09:15:40,1900-01-00 00:00:00,CYB_Rogue,40:AE:30:6A:AA:02,-28, WPA2 ,0.000000,0.000000,0.000,0.000,AP
2025-03-18 09:15:40,1900-01-00 00:00:00,CYB_Rogue,40:AE:30:6A:AA:02,-30, WPA2 ,0.000000,0.000000,0.000,0.000,AP
2025-03-18 09:15:40,1900-01-00 00:00:00,CYB_Rogue,40:AE:30:6A:AA:02,-28, WPA2 ,0.000000,0.000000,0.000,0.000,AP
2025-03-18 09:15:40,1900-01-00 00:00:00,CYB_Rogue,40:AE:30:6A:AA:02,-29, WPA2 ,0.000000,0.000000,0.000,0.000,AP
2025-03-18 09:15:41,1900-01-00 00:00:00,CYB_Rogue,40:AE:30:6A:AA:02,-29, WPA2 ,0.000000,0.000000,0.000,0.000,AP
2025-03-18 09:15:41,1900-01-00 00:00:00,CYB_Rogue,40:AE:30:6A:AA:02,-30, WPA2 ,0.000000,0.000000,0.000,0.000,AP
2025-03-18 09:15:41,1900-01-00 00:00:00,CYB_Rogue,40:AE:30:6A:AA:02,-31, WPA2 ,0.000000,0.000000,0.000,0.000,AP
2025-03-18 09:15:42,1900-01-00 00:00:00,CYB_Rogue,40:AE:30:6A:AA:02,-31, WPA2 ,0.000000,0.000000,0.000,0.000,AP
2025-03-18 09:15:44,1900-01-00 00:00:00,CYB_Rogue,40:AE:30:6A:AA:02,-29, WPA2 ,0.000000,0.000000,0.000,0.000,AP
2025-03-18 09:15:44,1900-01-00 00:00:00,CYB_Rogue,40:AE:30:6A:AA:02,-37, WPA2 ,0.000000,0.000000,0.000,0.000,AP
2025-03-18 09:15:44,1900-01-00 00:00:00,CYB_Rogue,40:AE:30:6A:AA:02,-29, WPA2 ,0.000000,0.000000,0.000,0.000,AP
2025-03-18 09:15:44,1900-01-00 00:00:00,CYB_Rogue,40:AE:30:6A:AA:02,-26, WPA2 ,0.000000,0.000000,0.000,0.000,AP
2025-03-18 09:15:45,1900-01-00 00:00:00,CYB_Rogue,40:AE:30:6A:AA:02,-26, WPA2 ,0.000000,0.000000,0.000,0.000,AP
2025-03-18 09:15:45,1900-01-00 00:00:00,CYB_Rogue,40:AE:30:6A:AA:02,-26, WPA2 ,0.000000,0.000000,0.000,0.000,AP
2025-03-18 09:15:45,1900-01-00 00:00:00,CYB_Rogue,40:AE:30:6A:AA:02,-29, WPA2 ,0.000000,0.000000,0.000,0.000,AP
2025-03-18 09:15:45,1900-01-00 00:00:00,CYB_Rogue,40:AE:30:6A:AA:02,-29, WPA2 ,0.000000,0.000000,0.000,0.000,AP
2025-03-18 09:15:45,1900-01-00 00:00:00,CYB_Rogue,40:AE:30:6A:AA:02,-29, WPA2 ,0.000000,0.000000,0.000,0.000,AP
2025-03-18 09:15:45,1900-01-00 00:00:00,CYB_Rogue,40:AE:30:6A:AA:02,-29, WPA2 ,0.000000,0.000000,0.000,0.000,AP
2025-03-18 09:15:45,1900-01-00 00:00:00,CYB_Rogue,40:AE:30:6A:AA:02,-29, WPA2 ,0.000000,0.000000,0.000,0.000,AP
2025-03-18 09:15:46,1900-01-00 00:00:00,CYB_Rogue,40:AE:30:6A:AA:02,-30, WPA2 ,0.000000,0.000000,0.000,0.000,AP
2025-03-18 09:15:46,1900-01-00 00:00:00,CYB_Rogue,40:AE:30:6A:AA:02,-30, WPA2 ,0.000000,0.000000,0.000,0.000,AP
2025-03-18 09:15:48,1900-01-00 00:00:00,CYB_Rogue,40:AE:30:6A:AA:02,-29, WPA2 ,0.000000,0.000000,0.000,0.000,AP
2025-03-18 09:15:48,1900-01-00 00:00:00,CYB_Rogue,40:AE:30:6A:AA:02,-26, WPA2 ,0.000000,0.000000,0.000,0.000,AP
2025-03-18 09:15:48,1900-01-00 00:00:00,CYB_Rogue,40:AE:30:6A:AA:02,-26, WPA2 ,0.000000,0.000000,0.000,0.000,AP
2025-03-18 09:15:49,1900-01-00 00:00:00,CYB_Rogue,40:AE:30:6A:AA:02,-29, WPA2 ,0.000000,0.000000,0.000,0.000,AP
2025-03-18 09:15:49,1900-01-00 00:00:00,CYB_Rogue,40:AE:30:6A:AA:02,-29, WPA2 ,0.000000,0.000000,0.000,0.000,AP
2025-03-18 09:15:49,1900-01-00 00:00:00,CYB_Rogue,40:AE:30:6A:AA:02,-29, WPA2 ,0.000000,0.000000,0.000,0.000,AP
2025-03-18 09:15:49,1900-01-00 00:00:00,CYB_Rogue,40:AE:30:6A:AA:02,-26, WPA2 ,0.000000,0.000000,0.000,0.000,AP
2025-03-18 09:15:50,1900-01-00 00:00:00,CYB_Rogue,40:AE:30:6A:AA:02,-26, WPA2 ,0.000000,0.000000,0.000,0.000,AP
2025-03-18 09:15:50,1900-01-00 00:00:00,CYB_Rogue,40:AE:30:6A:AA:02,-26, WPA2 ,0.000000,0.000000,0.000,0.000,AP
2025-03-18 09:15:51,1900-01-00 00:00:00,CYB_Rogue,40:AE:30:6A:AA:02,-26, WPA2 ,0.000000,0.000000,0.000,0.000,AP
2025-03-18 09:15:52,1900-01-00 00:00:00,CYB_Rogue,40:AE:30:6A:AA:02,-29, WPA2 ,0.000000,0.000000,0.000,0.000,AP
2025-03-18 09:15:55,1900-01-00 00:00:00,CYB_Rogue,40:AE:30:6A:AA:02,-26, WPA2 ,0.000000,0.000000,0.000,0.000,AP
2025-03-18 09:15:55,1900-01-00 00:00:00,CYB_Rogue,40:AE:30:6A:AA:02,-29, WPA2 ,0.000000,0.000000,0.000,0.000,AP
2025-03-18 09:15:55,1900-01-00 00:00:00,CYB_Rogue,40:AE:30:6A:AA:02,-28, WPA2 ,0.000000,0.000000,0.000,0.000,AP
2025-03-18 09:15:55,1900-01-00 00:00:00,CYB_Rogue,40:AE:30:6A:AA:02,-28, WPA2 ,0.000000,0.000000,0.000,0.000,AP
2025-03-18 09:15:55,1900-01-00 00:00:00,CYB_Rogue,40:AE:30:6A:AA:02,-26, WPA2 ,0.000000,0.000000,0.000,0.000,AP
2025-03-18 09:15:56,1900-01-00 00:00:00,CYB_Rogue,40:AE:30:6A:AA:02,-30, WPA2 ,0.000000,0.000000,0.000,0.000,AP
2025-03-18 09:15:56,1900-01-00 00:00:00,CYB_Rogue,40:AE:30:6A:AA:02,-30, WPA2 ,0.000000,0.000000,0.000,0.000,AP
2025-03-18 09:15:56,1900-01-00 00:00:00,CYB_Rogue,40:AE:30:6A:AA:02,-29, WPA2 ,0.000000,0.000000,0.000,0.000,AP
2025-03-18 09:15:56,1900-01-00 00:00:00,CYB_Rogue,40:AE:30:6A:AA:02,-29, WPA2 ,0.000000,0.000000,0.000,0.000,AP
2025-03-18 09:15:56,1900-01-00 00:00:00,CYB_Rogue,40:AE:30:6A:AA:02,-28, WPA2 ,0.000000,0.000000,0.000,0.000,AP
2025-03-18 09:15:57,1900-01-00 00:00:00,CYB_Rogue,40:AE:30:6A:AA:02,-26, WPA2 ,0.000000,0.000000,0.000,0.000,AP
2025-03-18 09:15:58,1900-01-00 00:00:00,CYB_Rogue,40:AE:30:6A:AA:02,-26, WPA2 ,0.000000,0.000000,0.000,0.000,AP
2025-03-18 09:15:58,1900-01-00 00:00:00,CYB_Rogue,40:AE:30:6A:AA:02,-26, WPA2 ,0.000000,0.000000,0.000,0.000,AP
2025-03-18 09:15:58,1900-01-00 00:00:00,CYB_Rogue,40:AE:30:6A:AA:02,-37, WPA2 ,0.000000,0.000000,0.000,0.000,AP
2025-03-18 09:15:58,1900-01-00 00:00:00,CYB_Rogue,40:AE:30:6A:AA:02,-26